PlayerId;Name
3;AEROX
5;filthy peasant (1)
6;xplayerCZ hellcase.com
11;Reme86
13;[RLM]Mot9001
14;!Ladder reset 19 Oct
14;!LadderReset ~19 Oct
14;[Nik] Get Hype
14;[Nik] Git Gud
14;[Nik] NikolaMX
14;[Nik] Schenglererer
14;[TNC] Major Tom
14;[TNC] NikolaMX
14;Community Ladder Mod
14;Ladder reset 19 Oct.
14;Ladder Reset inbound
14;Ladder reset soon
14;Ladder Rest inbound!
14;Mang  #1
14;NikolaMX
14;S. Major Tom
14;Titanic & The Float
15;Schwi
16;Going Prohibition
16;good boi
16;The Nuggest
22;THR | Darkenfog
24;Hamb112
25;Muad Dib (3)
26;[WAF] n3wb13
26;carreiro.claudio
26;n3wb13
27;Ch3w84cc4
27;Mobious (3)
28;Gueug (Paris-FR)
34;Agent 47 (4)
34;ZerlyDely
38;Arios(Reverse)
40;Bidspark
42;Lrod Yokcos
43;Diyor
43;UltimateGamer29°
45;old_beef
46;Tom0911
47;the rainbownator 9000
48;maps
53;MXRch
55;Shaztic101
56;Didida
57;KaiserPinguin
61;[pXs] Przemek2122
61;Przemek2122
63;Darkjeson55
66;MaceWindu
66;Spassky
67;Argishti
70;CaptN_Mattyghan
71;antonmi
72;II HADES II
78;The Commissar
80;SantaCreep
81;TangentCrab
82;SmokingChicken
84;Emperor Heisenberg
91;mistergab
92;ibart
95;HD[ vitek3ds ]
97;iK Jäger
98;Nuc
101;janik-bey
105;Narancia
105;SCP-2295
105;YuriMad
107;Kazzis Tuas!
107;kazzis TUAS!!
107;Strakazzis Tua
107;verna.luca
108;atakurt
109;oguz
110;Pyner
111;uCk (1)
117;Benji (9)
117;Benji™
118;wrathkin
119;nicraft
120;asdfghjk
123;ChevyCobalt
123;RadioactiveAmphibian
124;Marshy Marsh
128;Boissey
129;d0!nk
130;SPUTNIK (1)
131;Delta (27)
135;??????
135;jaguarrx
135;VENT34
136;Psycore_Lemon
138;[Bot 1]TheNukeGuy
138;TheNukeGuy_YT
138;TheOnlyNukeGuy
144;Tellu5
148;Korintex/Vortexlight
148;Vortexlight
149;Brunce
157;@realDonaldJTrump
157;@RealDonaldTrump.com
157;1ofthesedaze
157;All Hail The Donald!
157;AllahuAdmiralAkbar
157;barry soetoro
157;Crooked Hillary
157;Daze (2)
157;DJT =SUPERMAN
157;EatMyFarts
157;EHRMEGERD
157;ERMEHGERD
157;Hammer53
157;Heywood Djablomee
157;Hillary'sNastyTaint
157;I am the eggman
157;i beat axelHC
157;i beat mr blueclouds
157;MayorMcCheese
157;MichaelHunt
157;Mike Litoris is fat
157;Milo Hanginsak
157;Monty Python
157;MTHRFKR
157;Myke Hunt
157;NOT the Messiah!
157;Pat Mc groin
157;Pat McGroin
157;Patt McGroin
157;Sameplayer4nameslame
157;taint misbehavin
157;TheHamburgler
157;THX1128
157;TRUMP TRAIN WOOWOO!
157;TRUMPTRAIN WOO WOO !
157;TRUMPTRAIN WOO WOO!
157;TRUMPTRAIN WOO! WOO!
157;TRUMPTRAIN WOO!WOO!
157;TRUMPTRAIN WOOWOO!!
157;TRUMPTRAIN!WOOWOO!
157;TRUMPTRAINWOO!!WOO!!
157;TRUMPTRAINWOOWOO!!
157;TurdFergu5on
157;TurdFergus0n
157;VladimirPoopin
157;Zombie0001
158;TwisteN
159;ZkyBox
161;Christoph Blocher
161;Donald Trump (39)
162;taborkid
163;naughtyben
169;e1vis
169;elvis ...
169;elvis...
170;ragpatch
173;Astywhat
174;Waffles The Dominator
177;God Hates Weebs
180;bluenel
180;Fidot
180;Kringer
180;TQice UA
180;UchiRio
183;Baked Beans (1)
185;Bel_Riose
186;D0nMu3rt3
188;MarkosAlk
190;BreadToaster
192;TTV/miketheunit
193;homie_slice510
195;shadowrunner (1)
198;mrkelmad
200;?High?in?Communisim?
200;High in Potassium
201;???--?
201;???=?
201;[A_PA_A] MaximuS
201;Gread Warrior
201;LatinoS-MaximuS
201;MaximusS-Ecu
201;Mr Noob
201;Total Annihilation
202;Guy PMarmelade
202;XtReMeR #MirEgalKonsta
203;Dalek_Empire
204;Jacob5287
207;Regis_Mk5
222;?pigeon767ikwak?
222;pigeon767ikwak
225;Go Kill Your Self
232;Ir0n_Revverb
233;Sytherzx
234;GucciCam
236;Yords
239;"Gabe ""Glueman"" Degrossi"
239;Mister Ten Below
240;CaillouTheMemeStar
243;burnt plastic
243;uber (9)
244;pretty_babys
249;AllHailTheMole
254;?Gin
254;Gin??
254;SoberGin
255;Twomuchmilk
258;???????
258;????????
258;[BSE] ???????
258;[BSE] _???????_
258;[BSE] Darkad
258;[RU] Darkad
258;Darkad
258;HeadsTracker
263;Chrisishappy
267;Groudon Ramsay
267;Storm_Epidemic
268;[A_PA_A] theiban
268;[A_PA_A]theiban
268;[APAA] theiban
268;theiban
270;SimpleConcept
271;young_bob
280;Ã¢Å“Â junkerJkeeeeeeeeee
287;[BSE]CykaBlyat
287;46kg kid
287;AndreasG -youtube
287;number 6
287;Oxide lon
287;PMFORCHEATS
287;Qzipco - twitter
287;sl33p
287;steam3489ab281546431
287;temptation island
287;The_Legendary_Noob
287;This Game Is Dead
287;this is just a noob
291;htos
295;?????
296;I{?/V\A
299;evilpollo2001
301;schnullerbacke
304;xXetrusXx
305;GreeneRA
310;jekkel
311;'Zippo
312;jacek_rts
314;[ERE]For_only_2.99
314;The senate (8)
318;Boogie Storm
318;BroBeardMan
318;Champion!
319;Neko_jusu
320;Luke_95vl
323;daniel2610
327;[RNRDB] BeverBOI
328;[RNRDB] yoyodark600
328;Salade Man
331;Biokot?
332;The Witch
333;BrainCode
336;[COACH] - Broom
336;[OG] Thatsonofabroom
336;[OG]Thatsonofabroom
336;[TNC] ANNIE!
336;[TNC] BroomyPants
336;[TNC] LOOMYBROOM
336;[TNC] MFBroom
336;[TNC]thatsonofabroom
336;[TPP] piglet
336;_TPP_$143R
336;_TPP_$14Y3R
336;_TPP_Pinky The Pig
336;_TPP_Slayer
336;_TPP_Thatsonofabroom
336;12 year old alert
336;Big Pig
336;Blessed be thy Piggy
336;Broom [TNC]
336;Brown Bacon
336;Dustpan
336;Flubb is my baby
336;FREE COACHING
336;I AM A BROOM!!
336;I'M HOT YOUR NOT!
336;MAKE PA GREAT AGAIN!
336;Manamanan
336;Milk Dealer
336;Noob Advisor
336;Not a brush ferret
336;PA DISCORD 15TH SEP
336;PA Guide
336;PA INSTRUCTOR
336;Pa Skill Guide
336;PAG_ERRIK
336;PAG_ThatSonofaBroom
336;Planetary Ann GUIDE
336;Planetary Anni GUIDE
336;Planetary Coach
336;PM FOR ELITE STRATS
336;PM FOR FREE COACHING
336;PMFORFREECOACHING
336;PRO COACH
336;QZIPCO IS MY DADDY!
336;Steaming slab of pig
336;Sweeping tool
336;Thatsonofabroom
336;THE BEST CASUAL!
336;The best in platinum
336;THE_BROOM
336;Trumpster Pumper
336;Your favorite autist
338;TwiceBorned
340;swamp bolls
340;The Broom
341;Euphoria (2)
341;Euphoria (3)
341;Mein Führer
348;Frosti 88
352;Shinoke
356;Bill Tuttle
357;aknorrian
358;gros bonnet
358;xeroxe
360;Scudo88
361;GryzzlyAHHHHHHHHHHHHHHH
361;GryzzlyLaBanane
361;IQ<45
361;MaréchalGryzzly
365;Oscarin5
368;Blue Submar
369;Yellowsubmar
370;Arcaniss™
370;GameNLad
372;Spectral Flame
373;Give me Grief
387;[NY11] Mr Miami ?
388;Jappioot
398;duncan (6)
399;NentessXZ
410;J.C youtube
411;Yuki babs is back
412;62nd Armored Division
412;7th Armored Division
412;PAG_LordOFRedArmys
412;PAG_LordOfRedTanks
412;RedCollectiveMind
413;Sushi (13)
414;MalseMeeuw
415;LittleBig
416;DuckyDad
417;Turtlez
424;Pink95
428;stormpmm
432;[MEFA]AdmiralGeneral
432;>MemeWafare.jpg
432;>MemeWarfare.jpeg
432;AdmiralGeneral
432;AdmiralGeneral?
432;afskuwelikheid
432;Executive Outcomes
432;fashy robots
432;MemeWarfare
432;Om shanti
432;The AngloSphere
432;volkstaat
433;[RLM] AsZeal
433;LithiumNitrate
436;Zero-One
439;UkrainianStalker
443;Crazybull
445;?PiE
445;PiE (5)
445;PiE^1
447;jimmy jewtron
450;MisterEagle
451;zizou2a
453;jejerouen (1)
454;chanlot
456;Dr. Fritz
459;personne
463;jaedn.sarvello12995
464;loren8008
464;NBT|Loren8008
466;Princess Katie
471;Biff Pmurt
474;Actual Ronald Reagan
475;Myst (11)
475;T2
477;Nasty Moose
481;markus770
482;AON | G-Force
482;Archmeton | G-Force
482;BoW | G-Force.
482;Consortium LFT
482;ExiteTatics | Consortium
482;ExiteTatics | Tim
482;FYR | G-Force
482;G-Force
482;G-Force | Consortium
482;G-Force chat off
482;G-Force LFT
482;kN | G-Force
482;kN |G-Force
482;kN G-Force
482;MD | G-Force
482;Mechilomaniac
482;Mechlomaniac
482;Michrodochium
482;Midnight | G-Force
482;Oh No!!!
482;Ouch!!
482;Ranunculus (1)
482;Tim (45)
482;Tim Buck2134 @ You Tube
482;Tim Buck2134 YT
482;Timbuck, Mechobrent
482;Verge G-Force
482;vT | G-Force
483;Flibbertigibbet
485;Shlomo Shekelsberg
486;Crystalis
488;Deku (4)
488;SensualSpacey
489;Sun Bro (1)
498;Tesla (1)
500;bobbymonboy
501;Onion Boi
502;N30N
504;tmhursto
509;KnightofTheRound
510;bryanguyak
512;0sleepyhead0 TWITCH
517;LostBoy
520;Snair
521;Ego Erasure
521;Plasma (7)
528;Cja2k
529;JESSIE (3)
533;CommanderJoe
534;Billbot
535;neonammo
544;Aphrodite
544;Baby Giraffe
548;Dick Kickem (2)
548;Papa Ganoush
549;FREE PIZZA
550;Excellent,Smithers
550;halo37:001
550;trashmanf
553;Neko (5)
554;silver9955111
560;whiteseal
562;Alternat Ättax Gijang
562;Gijang
562;RauUUL
563;nick (50)
568;Egg (7)
580;clunky
581;Elliot of the Rodger.
582;White privilege (1)
584;NaeYoMe
585;Annihilatosaurus Rex
586;jamy880
587;FearlessKickerOfAss
590;Altair46ITA ?
591;[APAA] R.O.S.S
591;[APAA]R.O.S.S
591;APAA R.O.S.S
591;R.O.S.S
592;Scops
600;gildor
601;cheeseman2015 (1)
602;SwiftEye46
608;Tsar BoMBA
609;BaTka_MAXNo
610;MagicznyKot
614;Schlimbo
616;Biest
617;hutt mine
618;NapzTrap
624;xHamster
625;Sherlook25
630;indesite
631;skyhammster
639;Titi7729
647;JonathanHiggs
648;nihilist1
648;scooter (9)
655;iontop1
660;Prorok85
662;StefaCZ
663;n2ofighter
664;Charlux
675;thomas.62
677;Xgamer
678;Newton04
679;GoomyGuy
681;[Myth] Pa!n
681;[Myth] Pa!nCorgi
681;5T4R Corgi
681;ladder reset hurry
681;P a ! n G
681;P.G.C.
681;Pa!n
681;Pa!n Corgi
681;Pa!nG
681;Pa!nG Corgi
681;Pain Corgi
681;PhotoShy
681;V_Pa!n
683;Bozi
684;yonexsp
685;NexusNull
686;aaaaaaaaaaaaaaa
686;Helicon_One
687;boofish
688;Jammy (2)
689;MeisterM
690;sure
692;AliDances
692;IT'S OVER
692;Pepe La Grenouille
692;TheLegend27 (5)
693;e8Bit-JestR
694;JibbyJibby
701;Kynareth
704;quicksilverxy
707;Papa Jake
712;Stroy
715;Gabriram
716;Just-me
717;watchok
718;tomfire73
720;qwertyuiop (1)
721;RisedSky
721;THEMC951
725;Red Devil (3)
726;PICZL
727;Engy Dandy
734;Crudic
735;Flying Kiwi
737;Nickname314
738;tobysmith500
746;SpikedSphinx
747;Mmissile35
748;Boardwalk
748;zombieman67
751;Zig (1)
753;Nanakismile
756;General Mega
758;-=MDG=-Dark
759;Whimsiccal
763;[MEFA]TheTitan01
763;[TPP] TheTitan01
763;A Glass Of Water
763;China's Blessing
763;South China Sea
763;The Government
763;TheTitan01
763;Titanium Dox
764;[ICARUS] SpacePi
764;All for None
764;BlueChaoticMind
764;Charge Photons
764;Shattered Shield
764;SpacePi
764;The Last Frost
770;Anti-Fun
771;Halo 5 Grunt Mech
778;guichou
779;ahmed.merhi
779;LORDCOMMANDER
782;syntacdeveloper
786;eurobeat enthusiast
786;korheaban
788;Serge The Purge
790;NightHawk (1)
791;Thund
794;Lula Mae
795;Skyguy (4)
796;jillbanks17
797;CaptainPiker
798;Orenshi
801;King (37)
802;demonpiranha
805;ScareTrack
806;Jisk400
824;Kaboose21
825;babaganoosh (1)
835;[A_PA_A] MFdoom
835;[GFG]GlacierFReeze
835;AndreasG's Father
835;MFdoom
835;Qzipco's Father
836;Southern Savage
840;dallenw
841;kendall
842;?????????
843;Mikjab
843;Mikjab The Normie General
843;Sir Mikjab The Third
854;????????
855;PigWarfare
865;??????
870;??·???
870;Rob Avali
871;Dio (15)
872;Isopoda (1)
872;Play Tarkov with me
872;StarMan (3)
894;Kio Shinozaki
903;halp me
904;DJPartyNation
908;sirnathan5
909;Whiteviper10
910;Infirenide
911;Myy12
913;?TheHitman55? CSGOGEM.COM
914;thezickzack112
915;[APAA] Lord_OF_Scones
915;[APAA] TheEffectTheCause
915;[APAA]TheEffectTheCause
915;[TNC]TheEffectTheCause
915;APAA K1NG
915;APAA_Illuzion
915;APAA_K1NG
915;Lord_OF_Scones
915;MFLoon
915;TheEffectTheCause
916;<Magic>
916;migiccc
934;Sir.Wolf
935;[ -300- ] Leonidas  ?G?
935;#NAME?
935;John Wick (16)
935;SDV-EnragedAnus
943;PlungurAnus
946;[KOR]I'mNooB
956;Bio23
957;scaietCZ
962;CommanderZ98
964;TyR3XP
965;=Cif=
966;TunfischBus95 cs.money
967;stigglewiggle
968;Jack2264
968;Jake2264
971;porcoddio a pedali
976;PierreFrog
978;Lintilator
979;.BIRD.
986;Powerbrot
993;GiantDworf
998;Dr. Frödlheimer
999;Slim JD
1010;TheGrayOne
1016;jerle
1020;Max (79)
1021;Soru
1029;Pickle Rick 420
1034;Cancer du caca
1034;mOP mOP
1034;TYMMEH
1043;Avogadro's Law
1044;Saxtor13
1045;joels.moo.mail
1056;Jonuz
1059;BootyGh0sts
1059;Bugsbunny (1)
1059;Bugzap_tha_people
1059;InternetCrack
1059;KoolAId-Man
1059;Oasis¤
1059;OhYEAH (1)
1060;AJ213
1064;Rabcor
1065;nephrox
1068;[RTU] Half Glass
1068;Acroxian
1068;ControlTab
1068;Kil0Byte
1070;NexusRift
1073;[A_PA_A] Youmme
1073;youmme95
1078;kirtash (1)
1078;Kirtash100
1079;The Sexenio
1082;[BSE] MicronicMelsh
1082;MicronicMelsh
1087;TheEPICplayer
1089;BruceWilson
1089;Commander-X
1089;favre4alpha
1089;rando3
1096;FearTheRobbo
1096;Sneak O'Phile
1098;Commander-X
1109;benny (13)
1109;kellerbenny
1114;The-Victor
1115;Digitiser
1116;BHURRO
1117;Vlad Is Love
1118;DanteZ
1119;Florquen
1124;???
1124;natior
1124;natior bolt.gg
1127;Eskiwit (1)
1130;Henri la salamandre
1134;DxS_
1139;Frozen Meat!!
1143;choucroute (1)
1143;martine.kitzinger
1144;champi.64
1157;InterstellarGamer
1159;Xidox
1162;Ehm Erikka
1163;Shaddam
1167;twippy587
1168;Dr@konCh!k
1175;Split/Second
1175;Sulis IV
1177;masterchieft
1179;CenturiBubble
1180;Jmotta
1181;johnnychim
1184;bigbublle
1190;Death (10)
1190;Red Death (2)
1191;GamerGuy880
1197;nimon (1)
1200;CowPUNCH
1202;Cleethorpes Beach Patrol
1206;leonidus18
1207;[47e] Montfort
1216;Drifters_4lyfe
1216;flubb
1216;I never spam air
1216;LARGE WILL WIN
1216;MANG#1
1216;MFGROOM
1216;never ever spams air
1216;PAG_BROOM_IS_A_BRUSH
1216;PAG_N30N
1216;Qzipco's grandson
1216;sameuel
1216;ThatSonOfADoom
1217;[APAA] Fluffy Corgi
1217;[APAA] Rainbow Corgi
1217;[Myth]Corgi
1217;Corgi (AI)
1217;Fluffy Rainbow Corgi
1217;Rainbow Corgi
1217;SpaceCorgi
1218;"RWB c.Hackz(0x12);"
1219;Cheater_4
1220;meandrousend02937
1221;crawfish
1225;DangerDorito
1225;MulityTaco™
1226;KungPooFighting
1227;Sugus
1230;Chloe (1)
1239;solitariam
1242;Da Roomba of Doomba
1242;Prescot Gravty
1242;tea (2)
1243;Coffee (6)
1246;AEIOU (1)
1246;potato232
1246;potato9000
1246;wizard (7)
1246;wizord
1246;z123
1251;melvintiss
1259;BortNort
1260;Clint_Peacewood
1262;Joshinator117
1263;nanodragon2004
1264;??The?Comedian??
1268;Bentway
1268;bletchley
1268;Evil Pancake
1268;Plastic Man
1275;Joiningmoney26
1281;IBotDEU
1282;Flxbrtz
1285;Frightened Lich
1286;Uncl3J03
1293;TuffGaming
1296;Thor (20)
1296;Thor (24)
1296;Thor (9)
1298;Mr Emptyspace
1299;bad_painter
1303;Avengerian
1307;Talonbane Cobra
1309;Mad_phoenix
1310;Rayath
1311;The Penis Expert
1312;? This guy is a niigger ?
1312;??? ????? ???? ??
1312;Legit Yung Gravy
1313;JGANK2.0 Society.gg
1313;steam110000109679e30
1315;Damnatorum
1318;Ph9214
1319;TheCartoonHorror
1322;Chiron
1323;Alex (11)
1323;arxpw
1324;Nexusflame
1329;leonardo.pinero42
1330;MFsousa
1335;??????? (1)
1335;guest-2cm8CNM2
1335;KillerHamster
1335;TrapsAreNotGay
1337;Epic Ethan2002
1338;[BRN] Ferret Master
1338;[BRN]Ferertmaster
1338;[BRN]Ferret Master
1338;[BRN]Ferretmaster
1338;Broom is my mop
1338;LutherScaredOfRAnked
1338;PAG_TheBroomiest
1339;[cTOS] W0LF3
1339;Gold-Plated-Hyena
1339;I Beat My Meatbix
1343;BigPokeyBear
1344;LSD (5)
1349;Swift (5)
1350;¤
1352;spiderlink774
1353;stephlive247
1361;AzzyLowry
1371;the_corster
1375;Friar (R.U.I.T) [Charlic]
1376;Baron (A.B.Y) [Sajmaj]
1379;Cylis
1379;YenFlen
1380;QuEST
1391;bigplanes4me
1393;Alcor
1397;namahamuremon
1398;?? ?
1398;????
1398;?????( ?> ·? < ?
1409;Game Gabe
1410;Blackdaggers
1411;Enderium
1412;aquatic crisis
1413;bradnkenzie
1423;florian11850 twitch
1425;Manugamez
1426;Benegamz
1427;Daddy (21)
1427;used and abused
1430;Dark Slayer
1437;Hargonn
1438;Puskilla
1452;Doubt (1)
1452;Doubt_
1452;Hemoglobin
1454;Solaire (2)
1454;Solaire of Astora (3)
1457;?????????
1460;[     ] (4)
1462;Boebah
1466;Nico_FuTS
1467;Borris Hell
1468;i am a sneak
1468;TheLegend27 (48)
1481;[VOC] Jan van Brakel
1481;[VOC] Maarten Tromp
1482;Elrad (1)
1482;Elrad151
1483;dehartsc
1487;Scrotum Penis Asylum
1487;señor succ
1488;Aceblazer
1488;Aceblazer_1000
1490;Hawkeye1123
1495;Mr.D (1)
1496;Dragons56785
1498;Link (16)
1503;BobTheNoob
1503;icecalm DICK (TATOR)
1503;PMFORSEX
1504;dannyterclavers
1504;SamTheGamer
1510;albator (1)
1513;Fr4nz - ???????
1514;?THE TOIZAINOSMIZA?
1516;spacegeek
1519;GentlemanChristopher
1520;Basti Uchiha
1530;yadzecraft
1533;dreiPil
1540;[ASF] zy52zy
1541;ry51ry
1546;fredericmqt
1548;uhhoh
1549;Lightheavy1st
1550;G.R.E.N
1551;CANGER
1554;Gregor_Beaton
1555;TheFearsomeHerpies
1564;Danko (2)
1565;A Devil Chicken
1566;SneakySquid
1571;°•.Allhimik.•°[RUS]
1572;Slowpoke
1574;¢ent
1580;lil wheatfield
1586;creation x
1588;ArmorKnightPlus
1589;Malakee
1590;Leuxx_Tuga95
1596;?ManaMekeno?
1605;kfish, also i hate karl
1605;koifishproduction
1605;L'exterminateur
1605;lmoa
1609;fusionminer341
1612;[LOTC]BlightOfPowers
1618;mason998
1619;Hamburglar (3)
1625;Doge confirmed
1628;Bestbrook
1632;romeria.enzo
1643;Mattkillsalot
1649;Savant (6)
1656;Gmanthecoolman
1662;????
1663;????
1667;OddBall (6)
1668;d.j.games
1669;gbarnzee123
1670;NotSporks
1675;A Turtle
1678;RingWyrm
1679;*****.nzw
1684;Luther
1710;Zed (5)
1711;RadioactiveZucc
1712;UltraMurlock
1713;Arizona
1719;IceSaiyan
1720;LoBoTripleX
1721;Orb | Emilia
1723;LEAVENOSTONEUNBROKEN
1726;Panther (5)
1733;Loki_03
1735;Captain Boreale
1738;Kartoffelpuffer...
1739;Jesus in Person
1739;Yunnis
1741;turntechGodhead (2)
1742;??????
1744;LaPtiteMenasse
1745;LaPtiteFouinasse
1751;TryhanTernoc
1752;Tohill
1759;gmail@IamYourFuhrer.com
1763;lynx (14)
1767;SonicBlue22
1779;Scyther8
1780;yupea
1788;Mr. Bean Laden
1801;TheTrainEngineer
1802;Goober (3)
1805;JAVIATOR
1810;yannik.schoeffmann
1812;iTz ghost UK
1813;Skips™
1814;[EXE] RiguineQC
1817;Roodgeur
1820;1stripedowl
1821;bacon.cameron
1827;Offener Slot
1836;CodeX nachtwache
1836;CodeX-GER
1840;suny.barault.poussin
1841;coursaulttheo
1842;Theogeo70
1843;Viniocrima
1848;Grumber
1852;Nama
1855;Koka
1856;spitfirematt
1857;????????? | MAN
1857;?????_????? | MAN
1866;ZombieJaffa
